time,weekday,hour,status,source,tables,players,games,raw
2026-10-10 02:30,Sat,2,ok,page table,4,29,NLH €1/3 8/8; NLH €1/3 8/8; PLO €10/10 8/8; PLO €100/100 5/8,
2026-10-10 02:40,Sat,2,ok,page table,4,29,NLH €1/3 8/8; NLH €1/3 8/8; PLO €10/10 8/8; PLO €100/100 5/8,
2026-10-10 02:50,Sat,2,ok,feed,4,29,NLH €1/3 8/8; NLH €1/3 8/8; PLO €10/10 8/8; PLO €100/100 5/8,
2026-10-10 03:00,Sat,3,error: TimeoutError: Page.goto: Timeout 60000ms exceeded.,,,,,
2026-10-10 03:10,Sat,3,ok,feed,4,29,NLH €1/3 8/8; NLH €1/3 8/8; PLO €10/10 8/8; PLO €100/100 5/8,
2026-10-10 03:20,Sat,3,ok,feed,4,28,NLH €1/3 8/8; NLH €1/3 7/8; PLO €10/10 8/8; PLO €100/100 5/8,
2026-10-10 03:30,Sat,3,error: TimeoutError: Page.goto: Timeout 60000ms exceeded.,,,,,
2026-10-10 03:40,Sat,3,error: TimeoutError: Page.goto: Timeout 60000ms exceeded.,,,,,
2026-10-10 03:50,Sat,3,ok,feed,3,24,NLH €1/3 8/8; NLH €1/3 8/8; PLO €10/10 8/8,
2026-10-10 04:00,Sat,4,error: TimeoutError: Page.goto: Timeout 60000ms exceeded.,,,,,
2026-10-10 04:10,Sat,4,ok,feed,3,21,NLH €1/3 7/8; NLH €1/3 6/8; PLO €10/10 8/8,
2026-10-10 04:20,Sat,4,ok,feed,2,14,NLH €1/3 7/8; PLO €10/10 7/8,
2026-10-10 04:30,Sat,4,ok,feed,2,14,NLH €1/3 7/8; PLO €10/10 7/8,
2026-10-10 04:40,Sat,4,ok,feed,2,14,NLH €1/3 7/8; PLO €10/10 7/8,
2026-10-10 04:50,Sat,4,error: TimeoutError: Page.goto: Timeout 60000ms exceeded.,,,,,
2026-10-10 05:00,Sat,5,error: TimeoutError: Page.goto: Timeout 60000ms exceeded.,,,,,
2026-10-10 05:10,Sat,5,ok,feed,2,13,NLH €1/3 7/8; PLO €10/10 6/8,
2026-10-10 05:20,Sat,5,ok,feed,2,12,NLH €1/3 7/8; PLO €10/10 5/8,
2026-10-10 05:30,Sat,5,ok,feed,2,12,NLH €1/3 7/8; PLO €10/10 5/8,
2026-10-10 05:40,Sat,5,ok,feed,2,12,NLH €1/3 7/8; PLO €10/10 5/8,
2026-10-10 05:50,Sat,5,ok,feed,2,12,NLH €1/3 7/8; PLO €10/10 5/8,
2026-10-10 06:00,Sat,6,ok,feed,2,12,NLH €1/3 7/8; PLO €10/10 5/8,
2026-10-10 06:10,Sat,6,ok,feed,2,12,NLH €1/3 7/8; PLO €10/10 5/8,
2026-10-10 06:20,Sat,6,ok,feed,2,12,NLH €1/3 7/8; PLO €10/10 5/8,
2026-10-10 06:30,Sat,6,ok,feed,2,9,NLH €1/3 6/8; PLO €10/10 3/8,
2026-10-10 06:40,Sat,6,ok,feed,2,9,NLH €1/3 5/8; PLO €10/10 4/8,
2026-10-10 06:50,Sat,6,ok,feed,1,5,NLH €1/3 5/8,
2026-10-10 07:00,Sat,7,ok,feed,1,5,NLH €1/3 5/8,
2026-10-10 07:10,Sat,7,ok,feed,1,5,NLH €1/3 5/8,
2026-10-10 07:20,Sat,7,error: TimeoutError: Page.goto: Timeout 60000ms exceeded.,,,,,
2026-10-10 07:30,Sat,7,error: couldn't read the cash games list,page table,,,,NO GAMES CURRENTLY
2026-10-10 07:40,Sat,7,error: couldn't read the cash games list,page table,,,,NO GAMES CURRENTLY
2026-10-10 07:50,Sat,7,error: couldn't read the cash games list,page table,,,,NO GAMES CURRENTLY
2026-10-10 07:57,Sat,7,error: couldn't read the cash games list,page table,,,,NO GAMES CURRENTLY
2026-10-10 08:00,Sat,8,error: TimeoutError: Page.goto: Timeout 60000ms exceeded.,,,,,
2026-10-10 08:10,Sat,8,error: TimeoutError: Page.goto: Timeout 60000ms exceeded.,,,,,
2026-10-10 08:20,Sat,8,error: couldn't read the cash games list,page table,,,,NO GAMES CURRENTLY
2026-10-10 08:30,Sat,8,error: couldn't read the cash games list,page table,,,,NO GAMES CURRENTLY
2026-10-10 08:40,Sat,8,error: TimeoutError: Page.goto: Timeout 60000ms exceeded.,,,,,
2026-10-10 08:50,Sat,8,error: couldn't read the cash games list,page table,,,,NO GAMES CURRENTLY
2026-10-10 09:00,Sat,9,error: couldn't read the cash games list,page table,,,,NO GAMES CURRENTLY
2026-10-10 09:10,Sat,9,error: couldn't read the cash games list,page table,,,,NO GAMES CURRENTLY
