room,start,end,type,name,omaha_events,notes
kings,2026-10-07,2026-10-11,series,GPD Mystery Bounty Edition,€125 PLO (10 Oct 15:00),€199 main event; €350 high roller 11 Oct
kings,2026-10-14,2026-10-19,series,Dutch Poker Masters (DPM),€120 PLO (17 Oct 15:00),€225 main event; €500 high roller 18 Oct
kings,2026-10-19,2026-10-26,series,Balkan Poker Circuit (BPC),€350 PLO 8-Max One Day (23 Oct 14:00),€295 main event; €600 high roller 25 Oct
kings,2026-10-28,2026-11-11,festival,WSOP Super Circuit,"€1,000 PLO Bounty (28 Oct 16:00); €1,500 Big O (29 Oct 15:00); €1,500 PLO Monster Stack (30 Oct 16:00); €5,000 PLO High Roller (31 Oct – 1 Nov); €250 PLO side events (3, 7, 8, 9, 10 and 11 Nov)","€3,000 main event 5–11 Nov; €1,000 mini main 29 Oct – 2 Nov; €1,500 championship 8–11 Nov"
grandcasinoas,2026-10-09,2026-10-11,series,BHD PKO Main Event,,€230 PKO main event
grandcasinoas,2026-10-15,2026-10-18,festival,PLO festival,"€550 PLO5 High Roller (15 Oct 20:00); €340 PLO Main Event (16–18 Oct); €100 PLO 4-5-6 mix (17 Oct 20:00); €660 PLO Turbo High Roller (18 Oct 16:00)",
grandcasinoas,2026-10-28,2026-10-31,series,KaKo Cup,€80 PLO (30 Oct 18:00),€140 KaKo Cup 31 Oct; €300 KaKo Highroller 30 Oct
grandcasinoas,2026-11-04,2026-11-15,festival,GRND festival,,€200 GRND Main Event 11–15 Nov; €350 GRND Highroller 6 Nov; €100 GRND Cup 8–11 Nov
grandcasinoas,2026-11-25,2026-11-29,series,Isar series,€60 NLH/PLO/Crazy Pineapple (26 Nov 14:00); €100 PLO StackAttack (27 Nov 20:00),€150 Isar Main Event 28 Nov
cardcasino,2026-10-08,2026-10-11,cash event,Cash game days: NLH/PLO/PLO5 from €10/20,,Announced on Card Casino's website
cardcasino,2026-10-20,2026-10-25,festival,Main Event week,,€250 main event 21–25 Oct; €550 high roller 22 Oct
cardcasino,2026-11-26,2026-12-01,cash event,Cash game days: NLH/PLO €5/5,,Announced on Card Casino's website
banco,2026-11-04,2026-11-16,festival,PPC festival,€75 NLH/PLO 4/5 mix (14 Nov 10:00),"€150 main event 6–16 Nov; €1,000 super high roller 12 Nov; €400 high roller 13–14 Nov"
banco,2026-12-01,2026-12-07,festival,Masters festival,"€250 PLO Masters Main Event 8-Max (3–5 Dec); €60 PLO Nightly Turbo (2 Dec 21:00); €150 NLH/PLO level of each (3 Dec 21:00); €130 PLO Masters Mystery Bounty (4 Dec 16:00); €150 Big O Masters (5 Dec 19:00); €60 PLO 4/5/6 Masters 7-Max (6 Dec 20:00)",€170 main event 1–7 Dec; €550 SPT Challenger 4–5 Dec; €550 10-Game Mix 4–6 Dec
olympic-tallinn,2026-10-09,2026-10-18,festival,Kings of Tallinn,"€250 PLO4/PLO5 Progressive Bounty (10 Oct 20:00); €1,100 PLO4/PLO5 Championship (11–12 Oct); €350 PLO4/PLO5 Double Board Bomb Pot (12 Oct 17:00 and 14 Oct 20:00); €250 PLO High Only Mix (12 Oct 21:00); €250 PLO5 Progressive Bounty (13 Oct 15:00); €350 PLO4/PLO5 Mystery Bounty (14 Oct 16:00); €350 PLO4/5/6 Progressive Bounty (15 Oct 19:30); €350 PLO4/PLO5 Hi-Lo (17 Oct 13:00); €200 PLO4/5/6 Progressive Bounty (18 Oct 12:00)","€1,100 main event 14–18 Oct; €555 championship 11–14 Oct; €3,000 NLH 14 Oct and 17–18 Oct"
olympic-tallinn,2026-10-26,2026-10-31,festival,Mixed games festival,€200 Omaha Dealer's Choice (31 Oct 18:00),"Big Bet Mix, Lowball, Dealer's Choice, S.O.R.B.E.T.; €800 8-Game main event 30–31 Oct"
olympic-tallinn,2026-11-20,2026-11-23,festival,The Hendon Mob Championship,€350 Pot Limit Dealer's Choice (21 Nov 13:00); €200 Omaha Jack (22 Nov 21:00); €350 PLO 4/5/6 (23 Nov 14:00),€350 main event 20–22 Nov
olympic-tallinn,2026-11-24,2026-11-29,festival,The Festival,"€200 NLH/PLO Half n Half (24 Nov 20:00); €350 PLO Bomb Pot 4/5/6 (25 Nov 17:00); €200 Big O (25 Nov 20:00); €350 PLO Bomb Pot (26 Nov 15:00); €350 PLO 4/5 (27 Nov 15:00); €1,100 PLO High Roller (27 Nov 17:00); €350 PLO 4/5/6 Bomb Pot (28 Nov 13:00); €100 PLO Flips (29 Nov 12:30)",€555 main event 25–29 Nov; €200 Cash Game Challenge events 24–27 Nov
olympic-vilnius,2026-12-04,2026-12-13,festival,Kings of Vilnius,"€200 PLO4/PLO5 (5 Dec 19:00); €200 NLH/PLO mix (6 Dec 18:00); €200 PLO4/5/6 (7 Dec 19:00); €555 PLO4/PLO5 Championship (8 Dec 14:00); €250 Pot Limit Sviten (11 Dec 16:00); €250 PLO4/PLO5 Progressive KO (12 Dec 20:00)","€555 championship 4–7 Dec; €2,000 high roller 9–10 Dec; €1,100 main event 10–13 Dec"
nearby,2026-12-02,2026-12-13,nearby,EPT Prague (King's Casino Prague),,"PokerStars Open 2–7 Dec; €5,300 EPT Main Event 7–13 Dec"
