time,weekday,hour,status,club,tables,players,waiting,games,listed,tournaments_text,raw
2026-10-10 04:00,Sat,4,error: blocked by the site's bot protection,,,,,,,,
2026-10-10 04:30,Sat,4,error: blocked by the site's bot protection,,,,,,,,
2026-10-10 05:00,Sat,5,error: blocked by the site's bot protection,,,,,,,,
2026-10-10 05:30,Sat,5,error: ValueError: unknown url type: '/lt/cash-games/ club 10',,,,,,,,
2026-10-10 06:00,Sat,6,error: table not read (first version),"Olympic Casino Vilnius, Lietuva",,,,,,,
2026-10-10 06:30,Sat,6,error: blocked by the site's bot protection,,,,,,,,
2026-10-10 07:00,Sat,7,error: blocked by the site's bot protection,,,,,,,,
2026-10-10 07:30,Sat,7,error: table not read (first version),"Olympic Casino Vilnius, Lietuva",,,,,,,
2026-10-10 08:00,Sat,8,error: table not read (first version),"Olympic Casino Vilnius, Lietuva",,,,,,,
2026-10-10 08:30,Sat,8,error: blocked by the site's bot protection,,,,,,,,
2026-10-10 09:00,Sat,9,error: blocked by the site's bot protection,,,,,,,,
2026-10-10 09:30,Sat,9,error: blocked by the site's bot protection,,,,,,,,
2026-10-10 10:00,Sat,10,error: table not read (first version),"Olympic Casino Vilnius, Lietuva",,,,,,,
2026-10-10 10:30,Sat,10,error: table not read (first version),"Olympic Casino Vilnius, Lietuva",,,,,,,
2026-10-10 11:00,Sat,11,error: table not read (first version),"Olympic Casino Vilnius, Lietuva",,,,,,,
2026-10-10 11:30,Sat,11,error: blocked by the site's bot protection,,,,,,,,
2026-10-10 12:00,Sat,12,error: couldn't read the cash games table,,,,,,,,
2026-10-10 12:30,Sat,12,error: couldn't read the cash games table,,,,,,,,
2026-10-10 13:00,Sat,13,error: couldn't read the cash games table,,,,,,,,
2026-10-10 13:30,Sat,13,error: couldn't read the cash games table,,,,,,,,
2026-10-10 14:00,Sat,14,error: couldn't read the cash games table,,,,,,,,
2026-10-10 14:30,Sat,14,error: couldn't read the cash games table,,,,,,,,
2026-10-10 14:37,Sat,14,error: couldn't read the cash games table,,,,,,,,
2026-10-10 15:00,Sat,15,error: couldn't read the cash games table,,,,,,,,
