room,date,end,time,kind,game,buyin,title,restricted
kings,2026-10-07,2026-10-11,,satellite,NLH,40,€ 40 Satellite to GPD ME - Day 1A,
grandcasinoas,2026-10-09,2026-10-11,,tournament,NLH,230,€ 140 + 30 + 60 No Limit Hold'em - BHD PKO ME Day 1A,
olympic-tallinn,2026-10-09,2026-10-11,,tournament,NLH,250,€ 250 No Limit Hold'em - Kings of Tallinn Mini-Main Flight 1A (Event #2),
kings,2026-10-10,,11:00,tournament,NLH,199,€ 124 + 75 No Limit Hold'em - GPD Mystery Bounty Edition - Day 1E,
grandcasinoas,2026-10-10,,12:00,tournament,NLH,230,€ 140 + 30 + 60 No Limit Hold'em - BHD PKO ME - Day 1B,
olympic-tallinn,2026-10-10,,12:00,satellite,NLH,,Freebuy Mega-Satellite (Event #3),
olympic-tallinn,2026-10-10,,12:30,tournament,NLH,250,€ 250 No Limit Hold'em - Kings of Tallinn Mini-Main Flight 1B (Event #2),
olympic-tallinn,2026-10-10,,13:00,tournament,Pineapple,350,€ 350 Open-Face Chinese Pineapple - DeepStack (Event #4),
grandcasinoas,2026-10-10,,14:00,tournament,NLH,120,€ 100 + 20 Saturday Freezeout,
kings,2026-10-10,,15:00,tournament,PLO,125,€ 125 Pot Limit Omaha,
kings,2026-10-10,,16:00,satellite,NLH,35,€ 35 Flip & Go Satellite to GPD ME - Day 1F,
olympic-tallinn,2026-10-10,,16:00,tournament,NLH,100,€ 100 No Limit Hold'em - Win TV Series (Event #5),
grandcasinoas,2026-10-10,,17:00,tournament,NLH,230,€ 140 + 30 + 60 No Limit Hold'em - BHD PKO ME - Day 1C,
kings,2026-10-10,,18:00,tournament,NLH,199,€ 124 + 75 No Limit Hold'em - GPD Mystery Bounty Edition - Day 1F,
olympic-tallinn,2026-10-10,,19:30,tournament,NLH,250,€ 250 No Limit Hold'em - Kings of Tallinn Mini-Main Flight 1C (Event #2),
grandcasinoas,2026-10-10,,20:00,tournament,NLH,150,€ 80 + 20 + 50 No Limit Hold'em - Saturday Quattro Bounty,
olympic-tallinn,2026-10-10,,20:00,tournament,PLO mix,250,€ 150 +100 Pot Limit Omaha - PLO4/PLO5 Progressive Bounty (Event #6),
olympic-tallinn,2026-10-10,,20:00,satellite,NLH,80,€ 80 Mega-Satellite to 555 Kings of Tallinn Championship (Event #7),
kings,2026-10-10,,21:00,tournament,NLH,,No Limit Hold'em - GPD Saturday Night Turbo,
olympic-tallinn,2026-10-10,,22:30,satellite,PLO mix,80,"€ 80 Satellite to 1,100 PLO4/PLO5 Championship (Event #8)",
kings,2026-10-11,,11:00,tournament,NLH,199,€ 124 + 75 No Limit Hold'em - GPD Mystery Bounty Edition - Day 1G Turbo,
grandcasinoas,2026-10-11,,12:00,tournament,NLH,,BHD Main Event Final Day 2,
grandcasinoas,2026-10-11,,12:00,tournament,NLH,130,€ 110 + 20 No Limit Hold'em - Barista Rebel Cup,
olympic-tallinn,2026-10-11,,12:00,tournament,NLH,250,€ 250 No Limit Hold'em - Kings of Tallinn Mini-Main Final Day (Event #2),
kings,2026-10-11,,13:30,tournament,NLH,199,€ 124 + 75 No Limit Hold'em - GPD Mystery Bounty Edition - Day 1 Flip & Go,
olympic-tallinn,2026-10-11,,13:30,satellite,NLH,,Freebuy Satellite (Event #9),
olympic-tallinn,2026-10-11,2026-10-12,14:00,tournament,PLO mix,1100,"€ 1,100 Pot Limit Omaha - PLO4/PLO5 Championship Day 1 (Event #10)",
olympic-tallinn,2026-10-11,2026-10-12,14:30,tournament,NLH,350,€ 350 No Limit Hold'em - Kings of Tallinn Cup Flight 1A (Event #11),
kings,2026-10-11,,16:00,tournament,NLH,,GPD Mystery Bounty Edition - Final Day,
olympic-tallinn,2026-10-11,,16:00,satellite,NLH,,Freebuy Satellite to Event #20 - Women Only (Event #12),yes
olympic-tallinn,2026-10-11,,16:00,tournament,Mixed,250,"€ 150 +100 Pot Limit Razz - Progressive Bounty, 100 Progressive Bounties, 7-handed (Event #13)",
kings,2026-10-11,,18:00,tournament,NLH,350,€ 350 No Limit Hold'em - GPD High Roller,
olympic-tallinn,2026-10-11,2026-10-14,19:00,tournament,NLH,555,€ 555 No Limit Hold'em - Kings of Tallinn Championship Flight 1A (Event #14),
olympic-tallinn,2026-10-11,,19:30,tournament,Mixed,350,€ 350 Pot Limit Sviten - PLO5 & Draw (Event #15),
olympic-tallinn,2026-10-11,,20:00,tournament,NLH,350,"€ 350 No Limit Hold'em - 350 NLH Kings of Tallinn Cup Flight 1B, Plays 11 Levels Day 1 (Event #11)",
olympic-tallinn,2026-10-11,,20:30,tournament,NLH,200,€ 200 No Limit Hold'em - Turbo (Event #16),
olympic-tallinn,2026-10-11,,22:30,satellite,NLH,80,€ 80 Mega-Satellite to 555 Kings of Tallinn Championship (Event #17),
olympic-tallinn,2026-10-12,,12:00,tournament,NLH,350,€ 350 No Limit Hold'em - Kings of Tallinn Cup Final Day (Event #11),
olympic-tallinn,2026-10-12,,12:30,tournament,NLH,555,€ 555 No Limit Hold'em - Kings of Tallinn Championship Flight 1B (Event #14),
olympic-tallinn,2026-10-12,,13:00,tournament,PLO mix,,PLO4/PLO5 Championship Final Day (Event #10),
olympic-tallinn,2026-10-12,,14:00,tournament,Pineapple,555,€ 555 Open-Face Chinese Pineapple (Event #18),
olympic-tallinn,2026-10-12,,15:00,tournament,NLH,250,€ 150 +100 No Limit Hold'em - Bounty (Event #19),
olympic-tallinn,2026-10-12,,16:00,tournament,NLH,200,"€ 200 No Limit Hold'em - Queens, Women Only (Event #20)",yes
olympic-tallinn,2026-10-12,,17:00,tournament,PLO mix,350,€ 350 Pot Limit Omaha - PLO4/PLO5 Double Board Bomb Pot (Event #21),
olympic-tallinn,2026-10-12,,19:30,tournament,NLH,555,€ 555 No Limit Hold'em - Kings of Tallinn Championship Flight 1C (Event #14),
olympic-tallinn,2026-10-12,,20:00,satellite,NLH,80,"€ 80 Satellite 1,100 NLH DeepStack Mystery Bounty (Event #22)",
olympic-tallinn,2026-10-12,,21:00,tournament,Mixed,250,"€ 250 Pot Limit Omaha - High Only Mix, NLH-PLO4-PLO5-SVITEN (Event #23)",
olympic-tallinn,2026-10-12,,22:30,satellite,NLH,150,"€ 150 Mega-Satellite to the 1,100 Kings of Tallinn Main Event (Event #24)",
olympic-tallinn,2026-10-13,,12:00,tournament,NLH,555,€ 555 No Limit Hold'em - Kings of Tallinn Championship Day 2 (Event #14),
olympic-tallinn,2026-10-13,,14:00,satellite,NLH,,Freebuy Mega-Satellite (Event #25),
olympic-tallinn,2026-10-13,,15:00,tournament,PLO5,250,€ 150 +100 Pot Limit Omaha - PLO5 Progressive Bounty (Event #26),
olympic-tallinn,2026-10-13,,16:00,tournament,Mixed,250,€ 250 Pot Limit - 2-7 Triple Draw (Event #28),
olympic-tallinn,2026-10-13,2026-10-14,16:00,tournament,NLH,1100,€ 600 +500 No Limit Hold'em - DeepStack Mystery Bounty Day 1 (Event #27),
olympic-tallinn,2026-10-13,,18:00,tournament,NLH,200,€ 200 No Limit Hold'em - Deep Stack Celebrity Special (Event #29),
olympic-tallinn,2026-10-13,,21:00,satellite,NLH,150,"€ 150 Mega-Satellite to the 1,100 Kings of Tallinn Main Event (Event #31)",
olympic-tallinn,2026-10-13,,21:00,tournament,NLH,555,€ 355 +200 No Limit Hold'em - Progressive Bounty (Event #30),
olympic-tallinn,2026-10-14,2026-10-18,12:00,tournament,NLH,1100,"KOT € 1,100 No Limit Hold'em - Kings of Tallinn Main Event Flight 1A (Event #33)",
olympic-tallinn,2026-10-14,,12:00,tournament,NLH,,Kings of Tallinn Championship Final Day (Event #14),
olympic-tallinn,2026-10-14,,12:30,tournament,NLH,3000,"€ 3,000 No Limit Hold'em (Event #34)",
olympic-tallinn,2026-10-14,,13:00,tournament,NLH,,DeepStack Mystery Bounty Final Day (Event #27),
olympic-tallinn,2026-10-14,,13:00,tournament,NLH,350,€ 350 No Limit Hold'em - DeepStack (Event #35),
kings,2026-10-14,,15:00,satellite,NLH,40,€ 40 Satellite to DPM Main Event Day 1A,
olympic-tallinn,2026-10-14,,16:00,tournament,PLO mix,350,€ 200 +150 Pot Limit Omaha - PLO4/PLO5 DeepStack Mystery Bounty Day 1 (Event #36),
kings,2026-10-14,2026-10-19,18:00,tournament,NLH,225,€ 225 No Limit Hold'em - DPM Day 1A,
olympic-tallinn,2026-10-14,,18:00,tournament,NLH,1100,"€ 1,100 No Limit Hold'em - Kings of Tallinn Main Event Flight 1B (Event #33)",
olympic-tallinn,2026-10-14,,19:00,satellite,NLH,150,"€ 150 Mega-Satellite to the 1,100 Kings of Tallinn Main Event (Event #37)",
olympic-tallinn,2026-10-14,,20:00,tournament,PLO mix,350,€ 350 Pot Limit Omaha - PLO4/PLO5 Double Board Bomb Pot (Event #38),
olympic-tallinn,2026-10-14,,22:30,satellite,NLH,150,"€ 150 Satellite to 3,000 NLH (Event #32)",
kings,2026-10-15,,12:00,tournament,NLH,130,€ 105 + 25 No Limit Hold'em - DPM Morning Bounty,
olympic-tallinn,2026-10-15,,12:00,tournament,NLH,1100,"€ 1,100 No Limit Hold'em - Kings of Tallinn Main Event Flight 1C (Event #33)",
olympic-tallinn,2026-10-15,,12:00,satellite,NLH,80,"€ 80 Satellite to the 1,100 Kings of Tallinn Main Event (Event #40)",
olympic-tallinn,2026-10-15,,13:00,tournament,Mixed,555,€ 555 No Limit Hold'em - 8-Game (Event #41),
kings,2026-10-15,,14:00,satellite,NLH,40,€ 40 Satellite to DPM Main Event Day 1B,
olympic-tallinn,2026-10-15,,14:00,tournament,NLH,350,€ 250 +100 No Limit Hold'em - DeepStack Progressive Bounty (Event #42),
kings,2026-10-15,,17:00,tournament,NLH,225,€ 225 No Limit Hold'em - DPM Day 1B,
olympic-tallinn,2026-10-15,,17:00,tournament,Mixed,200,€ 200 Pot Limit Sviten - PLO5 (Event #43),
grandcasinoas,2026-10-15,,18:00,satellite,PLO5,110,€ 100 + 10 Satellite to PLO5 Highroller,
olympic-tallinn,2026-10-15,,19:00,tournament,NLH,1100,"€ 1,100 No Limit Hold'em - Kings of Tallinn Main Event Flight 1D (Event #33)",
olympic-tallinn,2026-10-15,,19:30,tournament,PLO mix,350,€ 250 +100 Pot Limit Omaha - PLO4/PLO5/PLO6 Progressive Bounty (Event #44),
grandcasinoas,2026-10-15,,20:00,tournament,PLO5,550,€ 500 + 50 Pot Limit Omaha - 550er PLO5 Highroller,
olympic-tallinn,2026-10-15,,21:00,tournament,NLH,555,€ 555 No Limit Hold'em (Event #45),
olympic-tallinn,2026-10-15,,22:00,satellite,NLH,200,"€ 200 Satellite to 3,000 NLH (Event #39)",
kings,2026-10-16,,10:00,tournament,NLH,170,€ 120 + 50 No Limit Hold'em - DPM Friday Morning Bounty,
kings,2026-10-16,,12:00,tournament,NLH,225,€ 225 No Limit Hold'em - DPM Day 1C,
olympic-tallinn,2026-10-16,,12:00,tournament,NLH,1100,"€ 1,100 No Limit Hold'em - Kings of Tallinn Main Event Day 2 (Event #33)",
olympic-tallinn,2026-10-16,,12:30,satellite,Mixed,50,€ 50 Satellite PLO5 to 555 Sviten Championship (Event #47),
grandcasinoas,2026-10-16,,13:00,satellite,PLO,60,€ 53 + 7 Satellite to PLO ME,
kings,2026-10-16,,15:00,tournament,NLH,120,€ 120 No Limit Hold'em - DPM Ladies Event,yes
olympic-tallinn,2026-10-16,,15:00,tournament,NLH,250,€ 150 +100 No Limit Hold'em - Progressive Bounty (Event #48),
grandcasinoas,2026-10-16,2026-10-18,16:00,tournament,PLO,340,€ 300 + 40 Pot Limit Omaha - Main Event - Day 1A,
kings,2026-10-16,,16:00,satellite,NLH,,Flip n Go Satellite to DPM ME Day 1D,
olympic-tallinn,2026-10-16,2026-10-17,16:30,tournament,Mixed,555,€ 555 Pot Limit Sviten Championship Day 1 (Event #49),
grandcasinoas,2026-10-16,,18:00,tournament,NLH,70,€ 60 + 10 No Limit Hold'em - Classic Friday,
kings,2026-10-16,,18:00,tournament,NLH,225,€ 225 No Limit Hold'em - DPM Day 1D,
olympic-tallinn,2026-10-16,2026-10-17,18:00,tournament,NLH,1100,€ 700 +400 No Limit Hold'em - DeepStack Progressive Bounty Day 1 (Event #50),
olympic-tallinn,2026-10-16,,19:00,tournament,NLH,200,€ 200 No Limit Hold'em - Turbo (Event #51),
kings,2026-10-16,,21:00,tournament,NLH,130,€ 130 No Limit Hold'em - DPM Friday Night Turbo,
olympic-tallinn,2026-10-16,,21:00,tournament,NLH,555,€ 555 No Limit Hold'em (Event #52),
olympic-tallinn,2026-10-16,,22:30,tournament,NLH,200,€ 200 No Limit Hold'em - Turbo (Event #46),
kings,2026-10-17,,11:00,tournament,NLH,225,€ 225 No Limit Hold'em - DPM Day 1E,
grandcasinoas,2026-10-17,,12:00,satellite,PLO,70,€ 60 + 10 Supersatellite to PLO ME,
olympic-tallinn,2026-10-17,,12:00,tournament,NLH,,Championship Final Day (Event #49),
olympic-tallinn,2026-10-17,,12:00,tournament,NLH,,Kings of Tallinn Main Event Day 3 (Event #33),
olympic-tallinn,2026-10-17,,12:30,satellite,NLH,,Freebuy Satellite to Event #58 - Women Only (Event #54),yes
olympic-tallinn,2026-10-17,,13:00,tournament,PLO Hi-Lo,350,€ 350 Pot Limit Omaha - PLO4 HI-LO/PLO5 HI-LO (Event #55),
olympic-tallinn,2026-10-17,,13:00,tournament,NLH,1100,€ 700 +400 No Limit Hold'em - DeepStack Progressive Bounty Day 2 (Event #50),
grandcasinoas,2026-10-17,,14:00,tournament,PLO,340,€ 300 + 40 Pot Limit Omaha - Main Event - Day 1B,
olympic-tallinn,2026-10-17,2026-10-18,14:00,tournament,NLH,3000,"€ 3,000 No Limit Hold'em - Day 1 (Event #56)",
kings,2026-10-17,,15:00,tournament,PLO,120,€ 120 Pot Limit Omaha,
olympic-tallinn,2026-10-17,,15:00,tournament,NLH,250,€ 250 No Limit Hold'em - DeepStack (Event #57),
kings,2026-10-17,,16:00,satellite,NLH,,Flip n Go Satellite to DPM ME Day 1F,
grandcasinoas,2026-10-17,,17:00,tournament,NLH,80,€ 70 + 10 No Limit Hold'em - Classic Deepstack,
olympic-tallinn,2026-10-17,,17:00,tournament,NLH,290,€ 250 +40 No Limit Hold'em - Queens - Women Only (Event #58),yes
grandcasinoas,2026-10-17,,18:00,satellite,PLO,40,€ 34 + 6 Flip'n Go Satellite to PLO ME,
kings,2026-10-17,,18:00,tournament,NLH,225,€ 225 No Limit Hold'em - DPM Day 1F,
grandcasinoas,2026-10-17,,19:00,tournament,PLO,340,€ 300 + 40 Pot Limit Omaha - Main Event - Day 1C Fast,
olympic-tallinn,2026-10-17,,19:00,tournament,Mixed,350,€ 350 Mixed Games - NLH/PLO4/PLO5 (Event #59),
grandcasinoas,2026-10-17,,20:00,tournament,PLO mix,100,€ 85 + 15 Pot Limit Omaha - 4-5-6 in the Mix (PLO4/5/6),
kings,2026-10-17,,21:00,tournament,NLH,130,€ 130 No Limit Hold'em - DPM Saturday Night Turbo,
olympic-tallinn,2026-10-17,,21:00,tournament,NLH,150,€ 80 +70 No Limit Hold'em - Kings of Tallinn OlyBet Online Progressive Bounty (Event #60),
olympic-tallinn,2026-10-17,,22:30,satellite,NLH,150,"€ 150 Satellite to 3,000 NLH (Event #53)",
grandcasinoas,2026-10-18,,10:00,tournament,PLO,340,€ 300 + 40 Pot Limit Omaha - Main Event - Day 1D Turbo,
kings,2026-10-18,,11:00,tournament,NLH,225,€ 225 No Limit Hold'em - DPM Day 1G Turbo,
olympic-tallinn,2026-10-18,,12:00,tournament,NLH,,Final Day (Event #56),
olympic-tallinn,2026-10-18,,12:00,tournament,NLH,,Kings of Tallinn Main Event Final Day (Event #33),
olympic-tallinn,2026-10-18,,12:00,tournament,PLO mix,200,€ 120 +80 Pot Limit Omaha - PLO4/PLO5/PLO6 Progressive Bounty (Event #62),
olympic-tallinn,2026-10-18,,12:00,tournament,Pineapple,200,€ 200 Open-Face Chinese Pineapple (Event #63),
grandcasinoas,2026-10-18,,13:00,satellite,PLO,110,€ 100 + 10 Satellite to PLO Highroller,
kings,2026-10-18,,14:00,tournament,NLH,225,€ 225 No Limit Hold'em - DPM Day 1 Flip & Go,
olympic-tallinn,2026-10-18,,14:00,tournament,NLH,350,€ 350 No Limit Hold'em - DeepStack Turbo (Event #64),
grandcasinoas,2026-10-18,,15:00,satellite,PLO,120,€ 110 + 10 Flip'n Go Satellite to PLO HR,
grandcasinoas,2026-10-18,,16:00,tournament,PLO,,PLO Main Event Day 2,
grandcasinoas,2026-10-18,,16:00,tournament,PLO,660,€ 600 + 60 Pot Limit Omaha - Turbo Highroller,
kings,2026-10-18,,17:00,tournament,NLH,,DPM Day 2,
kings,2026-10-18,,18:00,tournament,NLH,500,€ 500 No Limit Hold'em - DPM High Roller,
olympic-tallinn,2026-10-18,,21:00,other,Other,,Kings Of Tallinn 2026 Autumn Edition Players' Party (Event #65),
olympic-tallinn,2026-10-18,,21:30,tournament,NLH,200,€ 200 No Limit Hold'em - Turbo (Event #61),
kings,2026-10-19,,14:00,tournament,NLH,,DPM Final Day,
kings,2026-10-19,,15:00,satellite,NLH,40,€ 40 Satellite to BPC Main Event Day 1A,
kings,2026-10-19,2026-10-26,18:00,tournament,NLH,295,€ 295 No Limit Hold'em - BPC Main Event Day 1A Speed,
kings,2026-10-20,,15:00,satellite,NLH,40,€ 40 Satellite to BPC Main Event Day 1B,
kings,2026-10-20,,18:00,tournament,NLH,295,€ 295 No Limit Hold'em - BPC Main Event Day 1B Speed,
cardcasino,2026-10-20,,19:00,satellite,NLH,50,€ 45 + 5 Mega Satellite to Main Event Day 1A,
cardcasino,2026-10-21,,15:00,satellite,NLH,50,€ 45 + 5 Satellite to Main Event,
kings,2026-10-21,,15:00,satellite,NLH,40,€ 40 Satellite to BPC Main Event Day 1C,
cardcasino,2026-10-21,2026-10-25,18:00,tournament,NLH,250,€ 225 + 25 No Limit Hold'em - Main Event Day 1A,
kings,2026-10-21,,18:00,tournament,NLH,295,€ 295 No Limit Hold'em - BPC Main Event Day 1C Speed,
cardcasino,2026-10-21,,19:00,satellite,NLH,50,€ 45 + 5 Satellite to Main Event,
kings,2026-10-22,,12:00,tournament,NLH,125,€ 100 + 25 No Limit Hold'em - BPC Morning Turbo Knockout,
cardcasino,2026-10-22,,13:00,satellite,NLH,80,€ 70 + 10 Satellite to High Roller,
cardcasino,2026-10-22,,15:00,tournament,NLH,550,€ 500 + 50 No Limit Hold'em - High Roller,
kings,2026-10-22,,15:00,satellite,NLH,40,€ 40 Satellite to BPC Main Event Day 1D,
cardcasino,2026-10-22,,15:30,satellite,NLH,50,€ 45 + 5 Satellite to Main Event,
cardcasino,2026-10-22,,18:00,tournament,NLH,250,€ 225 + 25 No Limit Hold'em - Main Event Day 1B,
kings,2026-10-22,,18:00,tournament,NLH,295,€ 295 No Limit Hold'em - BPC Main Event Day 1D Speed,
cardcasino,2026-10-22,,19:00,satellite,NLH,50,€ 45 + 5 Satellite to Main Event,
kings,2026-10-23,,11:00,tournament,NLH,295,€ 295 No Limit Hold'em - BPC Main Event Day 1E,
cardcasino,2026-10-23,,13:00,tournament,NLH,250,€ 225 + 25 No Limit Hold'em - Main Event Day 1C,
kings,2026-10-23,,14:00,tournament,PLO,350,€ 350 Pot Limit Omaha - BPC 8-Max One Day,
cardcasino,2026-10-23,,15:30,satellite,NLH,50,€ 45 + 5 Satellite to Main Event,
kings,2026-10-23,,17:00,satellite,NLH,40,€ 40 Flip n Go Satellite to Balkan Poker Circuit,
cardcasino,2026-10-23,,18:00,tournament,NLH,250,€ 225 + 25 No Limit Hold'em - Main Event Day 1D,
grandcasinoas,2026-10-23,,18:00,tournament,NLH,70,€ 60 + 10 No Limit Hold'em - Classic Friday,
kings,2026-10-23,,18:00,tournament,NLH,295,€ 295 No Limit Hold'em - BPC Main Event Day 1F Speed,
cardcasino,2026-10-23,,20:30,tournament,NLH,115,€ 50 + 15 + 50 No Limit Hold'em - Turbo PKO,
kings,2026-10-23,,21:00,tournament,NLH,150,€ 100 + 50 No Limit Hold'em - BPC Turbo Bounty,
cardcasino,2026-10-24,,11:00,satellite,NLH,50,€ 45 + 5 Satellite to Main Event,
kings,2026-10-24,,11:00,tournament,NLH,295,€ 295 No Limit Hold'em - BPC Main Event Day 1G,
cardcasino,2026-10-24,,12:00,tournament,NLH,250,€ 225 + 25 No Limit Hold'em - Main Event Day 1E,
cardcasino,2026-10-24,,14:00,satellite,NLH,50,€ 45 + 5 Satellite to Main Event,
kings,2026-10-24,,14:00,tournament,NLH,200,€ 200 No Limit Hold'em - BPC Ladies Event,yes
grandcasinoas,2026-10-24,,17:00,tournament,NLH,70,€ 60 + 10 No Limit Hold'em - Megastack Turbo,
kings,2026-10-24,,17:00,satellite,NLH,40,€ 40 Flip n Go Satellite to Balkan Poker Circuit,
cardcasino,2026-10-24,,18:00,tournament,NLH,250,€ 225 + 25 No Limit Hold'em - Main Event Day 1F,
kings,2026-10-24,,18:00,tournament,NLH,295,€ 295 No Limit Hold'em - BPC Main Event Day 1H Speed,
cardcasino,2026-10-24,,20:30,tournament,NLH,100,€ 85 + 15 No Limit Hold'em - Turbo,
cardcasino,2026-10-25,,11:00,tournament,NLH,250,€ 225 + 25 No Limit Hold'em - Main Event Day 1G,
kings,2026-10-25,,11:00,tournament,NLH,295,€ 295 No Limit Hold'em - BPC Main Event Day 1I Turbo,
cardcasino,2026-10-25,,13:00,tournament,NLH,250,€ 225 + 25 No Limit Hold'em - Main Event Day 1 Flip & Go,
kings,2026-10-25,,14:00,tournament,NLH,295,€ 295 No Limit Hold'em - BPC Main Event Day 1 Flip & Go,
cardcasino,2026-10-25,,16:00,tournament,NLH,,Main Event Day 2,
cardcasino,2026-10-25,,17:00,tournament,NLH,150,€ 130 + 20 No Limit Hold'em - Mystery Bounty,
kings,2026-10-25,,17:00,tournament,NLH,,BPC Main Event Day 2,
kings,2026-10-25,,18:00,tournament,NLH,600,€ 600 No Limit Hold'em - BPC High Roller,
kings,2026-10-26,,14:00,tournament,NLH,,BPC Main Event Final Day,
olympic-tallinn,2026-10-26,,16:00,other,Other,,Welcome dinner - location to be determined,
olympic-tallinn,2026-10-26,,18:30,tournament,Mixed,200,€ 175 + 25 Big Bet Mix (Event #1),
olympic-tallinn,2026-10-27,,12:00,tournament,Mixed,555,€ 490 + 65 Lowball Draw Mix (Event #2),
olympic-tallinn,2026-10-27,2026-10-28,18:00,tournament,Mixed,300,€ 260 + 40 Nordic Special Mix Day 1 (Event #3),
olympic-tallinn,2026-10-28,,11:30,tournament,Mixed,,Nordic Special Mix Final Day (Event #3),
kings,2026-10-28,,12:00,satellite,NLH,70,€ 70 Satellite to Super Circuit Kick-off,
olympic-tallinn,2026-10-28,2026-10-29,12:00,tournament,Mixed,700,€ 615 + 85 Dealer's Choice Day 1 (Event #4),
kings,2026-10-28,,13:00,satellite,PLO,150,€ 150 Satellite to Bounty PLO,
kings,2026-10-28,,15:00,tournament,NLH,500,€ 500 No Limit Hold'em - WSOPC Super Circuit Kick-off (Ring Event #1),
kings,2026-10-28,,16:00,tournament,PLO,1000,"€ 1,000 Pot Limit Omaha - WSOPC Bounty PLO (Ring Event #2)",
olympic-tallinn,2026-10-28,,16:00,tournament,Mixed,200,€ 170 + 30 S.O.R.B.E.T. (Event #5),
grandcasinoas,2026-10-28,,19:00,tournament,NLH,70,€ 60 + 10 No Limit Hold'em - KaKo Cup Opener,
kings,2026-10-28,,20:00,satellite,NLH,150,€ 150 Satellite to Mini Main Event NLH - Day 1A,
olympic-tallinn,2026-10-28,,20:30,tournament,Mixed,800,€ 720 + 80 T.O.E. Turbo (Event #6),
olympic-tallinn,2026-10-29,,12:00,other,Other,,Community lunch - location to be determined,
grandcasinoas,2026-10-29,,13:00,tournament,Pineapple,50,€ 44 + 6 No Limit Crazy Pineapple,
kings,2026-10-29,,13:00,satellite,NLH,150,€ 150 Satellite to Mini Main Event NLH - Day 1A,
olympic-tallinn,2026-10-29,,13:30,tournament,Mixed,,Dealer's Choice Day 2 (Event #4),
kings,2026-10-29,,14:00,satellite,NLH,80,€ 80 Satellite to Ultra Stack NLH,
olympic-tallinn,2026-10-29,2026-10-30,14:00,tournament,Mixed,1500,"€ 1,350 + 150 S.O.R.B.E.T. High Roller Day 1 (Event #7)",
olympic-tallinn,2026-10-29,,14:00,satellite,Mixed,185,€ 160 + 25 Main Event satelite H.E.T.R.O.S. (Event #S1),
kings,2026-10-29,,15:00,tournament,PLO5 Hi-Lo,1500,"€ 1,500 WSOPC Big O (Ring Event #3)",
kings,2026-10-29,2026-11-01,16:00,tournament,NLH,1000,"€ 1,000 No Limit Hold'em - WSOPC Mini Main Event NLH - Day 1A (Ring Event #4)",
kings,2026-10-29,,17:00,tournament,NLH,600,€ 600 No Limit Hold'em - WSOPC Ultra Stack NLH (Ring Event #5),
olympic-tallinn,2026-10-29,2026-10-30,18:00,tournament,Mixed,300,€ 260 + 40 Senkel's Paradise Pickem Day 1 (Event #8),
grandcasinoas,2026-10-29,,19:00,tournament,NLH,70,€ 60 + 10 No Limit Hold'em - Warm Up,
kings,2026-10-29,,20:00,satellite,NLH,150,€ 150 Satellite to Mini Main Event NLH - Day 1B,
kings,2026-10-30,,11:00,tournament,NLH,1000,"€ 1,000 No Limit Hold'em - WSOPC Mini Main Event NLH - Day 1B (Ring Event #4)",
olympic-tallinn,2026-10-30,,11:30,tournament,Mixed,,Senkel's Paradise Pickem Day 2 (Event #8),
olympic-tallinn,2026-10-30,2026-10-31,11:30,tournament,Mixed,800,€ 700 + 100 8 Game Main Event Day 1A (Event #9B),
kings,2026-10-30,,12:00,satellite,PLO,150,€ 150 Satellite to Monster Stack PLO,
olympic-tallinn,2026-10-30,,12:00,tournament,Mixed,,S.O.R.B.E.T. High Roller Day 2 (Event #7),
grandcasinoas,2026-10-30,,13:00,satellite,NLH,40,€ 35 + 5 Super Satellite to HR,
olympic-tallinn,2026-10-30,,13:00,satellite,Mixed,185,€ 160 + 25 Main Event satelite H.E.T.R.O.S. (Event #S2),
kings,2026-10-30,2026-10-31,14:00,tournament,NLH,500,€ 500 No Limit Hold'em - WSOPC King's German Championship of Poker NLH (Ring Event #6) Day 1,
kings,2026-10-30,,15:00,satellite,NLH,150,€ 150 Satellite to Mini Main Event NLH - Day 1C,
grandcasinoas,2026-10-30,,16:00,tournament,NLH,300,€ 270 + 30 No Limit Hold'em - KaKo Highroller,
kings,2026-10-30,,16:00,tournament,PLO,1500,"€ 1,500 Pot Limit Omaha - WSOPC Monster Stack PLO (Ring Event #7)",
kings,2026-10-30,,17:00,tournament,NLH,1000,"€ 1,000 No Limit Hold'em - WSOPC Mini Main Event NLH - Day 1C (Ring Event #4)",
grandcasinoas,2026-10-30,,18:00,tournament,PLO,80,€ 70 + 10 Pot Limit Omaha,
olympic-tallinn,2026-10-30,,18:30,tournament,Mixed,800,€ 700 + 100 8 Game Main Event Day 1B (Event #9B),
kings,2026-10-30,,20:00,satellite,NLH,150,€ 150 Satellite to Mini Main Event NLH - Day 1D,
kings,2026-10-31,,11:00,tournament,NLH,1000,"€ 1,000 No Limit Hold'em - WSOPC Mini Main Event NLH - Day 1D (Ring Event #4)",
olympic-tallinn,2026-10-31,,11:30,tournament,Mixed,,8 Game Main Event Day 2 (Event #9B),
olympic-tallinn,2026-10-31,,12:00,tournament,Mixed,300,€ 160 + 40 + 100 6 Game - Mystery Bounty (Event #10),
grandcasinoas,2026-10-31,,13:00,tournament,NLH,140,€ 120 + 20 No Limit Hold'em - KaKo Cup,
kings,2026-10-31,,14:00,tournament,NLH,,King's German Championship of Poker Final Day,
kings,2026-10-31,,15:00,satellite,NLH,150,€ 150 Satellite to Mini Main Event NLH - Day 1E,
kings,2026-10-31,2026-11-01,16:00,tournament,PLO,5000,"€ 5,000 Pot Limit Omaha - WSOPC High Roller PLO - Day 1",
olympic-tallinn,2026-10-31,,16:30,tournament,Mixed,1500,"€ 1,350 + 150 6 Game High Roller (Event #11)",
kings,2026-10-31,,18:00,tournament,NLH,1000,"€ 1,000 No Limit Hold'em - WSOPC Mini Main Event NLH - Day 1E (Ring Event #4)",
olympic-tallinn,2026-10-31,,18:00,tournament,PLO mix,200,€ 175 + 25 Omaha Dealers Choice (Event #12),
grandcasinoas,2026-10-31,,19:00,tournament,NLH,80,€ 70 + 10 No Limit Hold'em - Monsterstack,
kings,2026-10-31,,19:00,satellite,NLH,200,€ 200 Satellite to WSOPC Main Event,
kings,2026-10-31,,20:00,satellite,NLH,150,€ 150 Satellite to Mystery Bounty NLH - Day 1A,
kings,2026-11-01,,12:00,satellite,NLH,150,€ 150 Satellite to Mystery Bounty NLH - Day 1A,
kings,2026-11-01,,14:00,tournament,NLH,,WSOPC Mini Main Event NLH Day 2,
kings,2026-11-01,,15:00,tournament,PLO,,WSOPC High Roller PLO Final Day,
kings,2026-11-01,,16:00,tournament,NLH,1000,€ 700 + 300 No Limit Hold'em - WSOPC Mystery Bounty (Ring Event #9) Day 1A,
kings,2026-11-01,,18:00,satellite,NLH,200,€ 200 Satellite to WSOPC Main Event Day 1A,
kings,2026-11-01,,20:00,satellite,NLH,150,€ 150 Satellite to Mystery Bounty NLH - Day 1B,
kings,2026-11-02,,12:00,satellite,NLH,150,€ 150 Satellite to Mystery Bounty NLH - Day 1B,
kings,2026-11-02,,13:00,tournament,NLH,,WSOPC Mini Main Event NLH Final Day,
kings,2026-11-02,,13:00,tournament,NLH,1000,€ 700 + 300 No Limit Hold'em - WSOPC Mystery Bounty (Ring Event #9) Day 1B,
kings,2026-11-02,2026-11-03,15:00,tournament,NLH,,No Limit Hold'em - WSOPC High Roller (Ring Event #10) Day 1,
kings,2026-11-02,,18:00,satellite,NLH,200,€ 200 Satellite to WSOPC Main Event Day 1A,
kings,2026-11-02,,20:00,satellite,NLH,150,€ 150 Satellite to Mystery Bounty NLH - Day 1B,
kings,2026-11-03,,12:00,tournament,NLH,200,€ 200 No Limit Hold'em - Morning NLH Side Event,
kings,2026-11-03,,13:00,satellite,NLH,150,€ 150 Satellite to Mystery Bounty NLH - Day 1C,
kings,2026-11-03,,13:00,tournament,NLH,1000,€ 700 + 300 No Limit Hold'em - WSOPC Mystery Bounty (Ring Event #9) Day 1C,
kings,2026-11-03,,14:00,tournament,NLH,,WSOPC High Roller (Ring Event #10) Final Day,
kings,2026-11-03,,18:00,tournament,PLO,250,€ 250 Pot Limit Omaha Side Event,
kings,2026-11-03,,20:00,satellite,NLH,200,€ 200 Satellite to WSOPC Main Event Day 1A,
kings,2026-11-04,,12:00,tournament,NLH,200,€ 200 No Limit Hold'em - Morning NLH Side Event,
kings,2026-11-04,,14:00,tournament,NLH,,WSOPC Mystery Bounty (Ring Event #9) Day 2,
kings,2026-11-04,2026-11-06,15:00,tournament,NLH,8600,"€ 8,600 No Limit Hold'em - GGMillion$ NLH High Roller (Ring Event #11) Day 1",
kings,2026-11-04,2026-11-05,17:00,tournament,NLH,777,€ 777 No Limit Hold'em - WSOPC King's Fiftystack NLH (Event #12) Day 1,
banco,2026-11-04,,19:00,tournament,NLH,50,€ 50 No Limit Hold'em - PPC Opener,
grandcasinoas,2026-11-04,,19:00,tournament,NLH,70,€ 50 +20 No Limit Hold'em - Kroko Cup I,
kings,2026-11-04,,20:00,satellite,NLH,200,€ 200 Satellite to WSOPC Main Event Day 1A,
kings,2026-11-05,,11:00,satellite,NLH,200,€ 200 Satellite to WSOPC Main Event Day 1A,
grandcasinoas,2026-11-05,,13:00,tournament,NLH,80,€ 80 No Limit Hold'em - Snowman Special,
kings,2026-11-05,,13:00,tournament,NLH,,WSOPC Mystery Bounty (Ring Event #9) Final Day,
kings,2026-11-05,,14:00,tournament,NLH,,WSOPC King's Fiftystack NLH (Ring Event #12) Final Day,
kings,2026-11-05,2026-11-11,14:00,tournament,NLH,3000,"WSOPC € 3,000 No Limit Hold'em - WSOP Super Circuit Main Event (Ring Event #13) Day 1A",
kings,2026-11-05,,15:00,tournament,NLH,,No Limit Hold'em - GGMillion$ NLH High Roller (Ring Event #11) Day 2,
grandcasinoas,2026-11-05,,18:00,tournament,NLH,120,€ 80 +40 No Limit Hold'em - Hot PKO,
banco,2026-11-05,,19:00,tournament,NLH,30,€ 30 No Limit Hold'em - PPC Ladies Night,yes
kings,2026-11-05,,20:00,satellite,NLH,200,€ 200 Satellite to WSOPC Main Event Day 1B,
grandcasinoas,2026-11-05,,22:00,satellite,NLH,70,€ 70 Satellite to Highroller,
kings,2026-11-06,,11:00,satellite,NLH,200,€ 200 Satellite to WSOPC Main Event Day 1B,
grandcasinoas,2026-11-06,,12:00,satellite,NLH,70,€ 70 Supersatellite to Highroller,
kings,2026-11-06,2026-11-09,12:00,tournament,NLH,350,€ 350 No Limit Hold'em - WSOPC King's DreamMaker (Ring Event #14) Day 1A,
kings,2026-11-06,,14:00,tournament,NLH,3000,"€ 3,000 No Limit Hold'em - WSOP Super Circuit Main Event (Ring Event #13) Day 1B",
grandcasinoas,2026-11-06,,15:00,tournament,NLH,350,€ 350 No Limit Hold'em - GRND Highroller,
kings,2026-11-06,,15:00,tournament,NLH,,GGMillion$ NLH High Roller (Ring Event #11) Final Day,
kings,2026-11-06,,16:00,tournament,NLH,1500,"€ 1,500 No Limit Hold'em - WSOPC Monster Stack (Ring Event #15)",
banco,2026-11-06,2026-11-16,18:00,tournament,NLH,150,€ 150 No Limit Hold'em - Main Event Day 1A (Event #1),
grandcasinoas,2026-11-06,,18:00,tournament,NLH,80,€ 80 No Limit Hold'em - GRND Night,
kings,2026-11-06,,18:00,tournament,NLH,350,€ 350 No Limit Hold'em - WSOPC King's DreamMaker (Ring Event #14) Day 1B,
kings,2026-11-06,,20:00,satellite,NLH,200,€ 200 Satellite to WSOPC Main Event Day 1C,
kings,2026-11-07,,11:00,satellite,NLH,200,€ 200 Satellite to WSOPC Main Event Day 1C,
kings,2026-11-07,,12:00,tournament,NLH,350,€ 350 No Limit Hold'em - WSOPC King's DreamMaker (Ring Event #14) Day 1C,
grandcasinoas,2026-11-07,,13:00,tournament,NLH,160,€ 120 +40 No Limit Hold'em - Death Star - GRND Mystery,
kings,2026-11-07,,14:00,tournament,NLH,3000,"€ 3,000 No Limit Hold'em - WSOP Super Circuit Main Event (Ring Event #13) Day 1C",
kings,2026-11-07,,16:00,tournament,PLO,250,€ 250 Pot Limit Omaha Side Event,
banco,2026-11-07,,18:00,tournament,NLH,150,€ 150 No Limit Hold'em - Main Event Day 1B (Event #1),
kings,2026-11-07,,18:00,tournament,NLH,350,€ 350 No Limit Hold'em - WSOPC King's DreamMaker (Ring Event #14) Day 1C,
grandcasinoas,2026-11-07,,19:00,tournament,NLH,100,€ 100 No Limit Hold'em - Starsnuts Special,
kings,2026-11-07,,19:00,tournament,NLH,1000,€ 700 + 300 No Limit Hold'em - Bounty Side Event,
kings,2026-11-07,,20:00,satellite,NLH,200,€ 200 Satellite to Super Circuit Championship NLH - Day 1A,
kings,2026-11-08,,11:00,tournament,NLH,350,€ 350 No Limit Hold'em - WSOPC King's DreamMaker (Ring Event #14) Day 1E Turbo,
kings,2026-11-08,,12:00,satellite,NLH,200,€ 200 Satellite to Super Circuit Championship NLH - Day 1A,
grandcasinoas,2026-11-08,,13:00,tournament,NLH,60,€ 60 No Limit Hold'em - Date With An Eight,
banco,2026-11-08,,14:00,tournament,NLH,150,€ 150 No Limit Hold'em - Main Event Day 1C (Event #1),
kings,2026-11-08,,14:00,tournament,NLH,3000,"€ 3,000 No Limit Hold'em - WSOP Super Circuit Main Event (Ring Event #13) Day 2",
kings,2026-11-08,,16:00,tournament,NLH,1500,"€ 1,500 No Limit Hold'em - WSOPC Super Circuit Championship - Day 1A",
grandcasinoas,2026-11-08,2026-11-11,17:00,tournament,NLH,100,€ 100 No Limit Hold'em - GRND Cup 1a,
kings,2026-11-08,,17:00,tournament,NLH,,King's DreamMaker (Ring Event #14) Day 2,
kings,2026-11-08,,19:00,tournament,PLO,250,€ 250 Pot Limit Omaha Side Event,
kings,2026-11-08,,20:00,satellite,NLH,200,€ 200 Satellite to Super Circuit Championship NLH - Day 1B,
kings,2026-11-09,,12:00,satellite,NLH,200,€ 200 Satellite to Super Circuit Championship NLH - Day 1B,
kings,2026-11-09,,13:00,tournament,NLH,,WSOP Super Circuit Main Event (Ring Event #13) Day 3,
grandcasinoas,2026-11-09,,14:00,tournament,NLH,60,€ 60 No Limit Hold'em - GRND Kick Off I,
kings,2026-11-09,,14:00,tournament,NLH,,King's DreamMaker (Ring Event #14) Final Day,
kings,2026-11-09,,16:00,tournament,NLH,1500,"€ 1,500 No Limit Hold'em - WSOPC Super Circuit Championship - Day 1B",
grandcasinoas,2026-11-09,,17:00,tournament,NLH,100,€ 100 No Limit Hold'em - GRND Cup 1b,
banco,2026-11-09,,18:00,tournament,NLH,150,€ 150 No Limit Hold'em - Main Event Day 1D (Event #1),
kings,2026-11-09,,18:00,tournament,PLO,250,€ 250 Pot Limit Omaha Side Event,
kings,2026-11-10,,12:00,tournament,NLH,,WSOP Super Circuit Main Event (Ring Event #13) Day 3,
grandcasinoas,2026-11-10,,14:00,tournament,NLH,60,€ 60 No Limit Hold'em - GRND Kick Off II,
kings,2026-11-10,,14:00,tournament,NLH,,WSOPC Super Circuit Championship Day 2,
kings,2026-11-10,,16:00,tournament,NLH,1000,"€ 1,000 No Limit Hold'em - WSOPC Series Saver (Ring Event #17)",
grandcasinoas,2026-11-10,,17:00,tournament,NLH,100,€ 100 No Limit Hold'em - GRND Cup 1c,
banco,2026-11-10,,18:00,tournament,NLH,150,€ 150 No Limit Hold'em - Main Event Day 1E (Event #1),
kings,2026-11-10,,18:00,tournament,PLO,250,€ 250 Pot Limit Omaha Side Event,
banco,2026-11-11,,12:00,tournament,NLH,150,€ 150 No Limit Hold'em - Main Event Day 1F (Event #1),
kings,2026-11-11,,12:00,tournament,NLH,,WSOP Super Circuit Main Event (Ring Event #13) Final Day,
kings,2026-11-11,,13:00,tournament,NLH,,WSOPC Super Circuit Championship Final Day,
grandcasinoas,2026-11-11,,14:00,tournament,NLH,60,€ 60 No Limit Hold'em - GRND Kick Off III,
kings,2026-11-11,,15:00,tournament,NLH,2000,"€ 1,500 + 500 No Limit Hold'em - WSOPC Super Turbo Bounty (Ring Event #18)",
banco,2026-11-11,,16:00,tournament,NLH,250,€ 250 No Limit Hold'em - Deep Stack (1-day event) (Event #2),
kings,2026-11-11,,16:00,tournament,PLO,250,€ 250 Pot Limit Omaha Side Event,
banco,2026-11-11,,17:00,tournament,NLH,150,€ 150 No Limit Hold'em - Main Event Day 1G (Event #1),
grandcasinoas,2026-11-11,,17:00,tournament,NLH,,GRND Cup Final Day,
grandcasinoas,2026-11-11,2026-11-15,18:00,tournament,NLH,200,€ 200 No Limit Hold'em - GRND Main Event 1a,
banco,2026-11-11,,22:00,tournament,NLH,150,€ 150 No Limit Hold'em - Main Event Day 1H Turbo (Event #1),
banco,2026-11-12,,10:00,satellite,NLH,60,€ 60 Satellite to NLH Super High Roller (Event #3),
banco,2026-11-12,,12:00,tournament,NLH,150,€ 150 No Limit Hold'em - Main Event Day 1I Turbo (Event #1),
grandcasinoas,2026-11-12,,12:00,satellite,NLH,50,€ 50 Satellite to ME,
banco,2026-11-12,,14:00,tournament,NLH,50,€ 50 Celebrating 10 years of Polish Poker Series - Road to Dubai (Event #4),
grandcasinoas,2026-11-12,,14:00,tournament,NLH,60,€ 60 No Limit Hold'em - GRND Kick Off IV,
grandcasinoas,2026-11-12,,15:00,tournament,NLH,200,€ 200 No Limit Hold'em - GRND Main Event 1b,
banco,2026-11-12,,17:00,tournament,NLH,1000,"€ 1,000 No Limit Hold'em - Super High Roller (1-day event) (Event #5)",
banco,2026-11-12,,17:00,tournament,NLH,150,€ 150 No Limit Hold'em - Main Event Day 1J (Event #1),
grandcasinoas,2026-11-12,,19:00,tournament,NLH,77,€ 77 No Limit Hold'em - Seven Always Comes,
banco,2026-11-12,,20:00,tournament,NLH,,No Limit Hold'em - Ladies Event (Event #6),yes
banco,2026-11-12,,22:00,tournament,NLH,150,€ 150 No Limit Hold'em - Main Event Day 1K Turbo (Event #1),
banco,2026-11-13,,10:00,satellite,NLH,60,€ 60 Satellite to NLH High Roller (Event #7),
grandcasinoas,2026-11-13,,10:00,satellite,NLH,50,€ 50 Satellite to ME,
banco,2026-11-13,,12:00,tournament,NLH,150,€ 150 No Limit Hold'em - Main Event Day 1L (Event #1),
grandcasinoas,2026-11-13,,13:00,tournament,NLH,200,€ 200 No Limit Hold'em - GRND Main Event 1c,
banco,2026-11-13,2026-11-14,16:00,tournament,NLH,400,€ 400 No Limit Hold'em - High Roller 8 Max Day 1 (Event #8),
banco,2026-11-13,,17:00,tournament,NLH,150,€ 150 No Limit Hold'em - Main Event Day 1M (Event #1),
grandcasinoas,2026-11-13,,18:00,tournament,NLH,77,€ 77 No Limit Hold'em - Seven Always Goes,
banco,2026-11-13,,19:00,tournament,NLH,135,€ 75 + 60 No Limit Hold'em - Championship K.O. (Event #9),
banco,2026-11-13,,22:00,tournament,NLH,150,€ 150 No Limit Hold'em - Main Event Day 1N Turbo (Event #1),
grandcasinoas,2026-11-13,,22:00,tournament,NLH,200,€ 200 No Limit Hold'em - GRND Main Event 1d Turbo,
banco,2026-11-14,,10:00,tournament,Mixed,75,€ 75 No Limit Hold'em / Pot Limit Omaha 4/5 Card - Mix (Event #10),
grandcasinoas,2026-11-14,,10:00,satellite,NLH,50,€ 50 Satellite to ME,
banco,2026-11-14,,12:00,tournament,NLH,150,€ 150 No Limit Hold'em - Main Event Day 1O (Event #1),
grandcasinoas,2026-11-14,,13:00,tournament,NLH,200,€ 200 No Limit Hold'em - GRND Main Event 1e,
banco,2026-11-14,,16:00,tournament,NLH,,High Roller Final Day (FT) (Event #8),
banco,2026-11-14,,17:00,tournament,NLH,150,€ 150 No Limit Hold'em - Main Event Day 1P (Event #1),
grandcasinoas,2026-11-14,,18:00,tournament,NLH,100,€ 100 No Limit Hold'em - Cooldown,
banco,2026-11-14,,20:00,tournament,NLH,135,€ 135 No Limit Hold'em - Freezeout Turbo Deepstack (Event #11),
banco,2026-11-14,,22:00,tournament,NLH,150,€ 150 No Limit Hold'em - Main Event Day 1Q Turbo (Event #1),
grandcasinoas,2026-11-14,,22:00,tournament,NLH,200,€ 200 No Limit Hold'em - GRND Main Event 1f Turbo,
grandcasinoas,2026-11-15,,13:00,tournament,NLH,,GRND Main Event Final Day,
grandcasinoas,2026-11-15,,13:00,tournament,NLH,60,€ 60 No Limit Hold'em - Kroko Cup II,
banco,2026-11-15,,14:00,tournament,NLH,,Main Event Day 2 (Event #1),
banco,2026-11-15,,16:00,tournament,NLH,100,€ 50 + 50 No Limit Hold'em - Championship Mystery Bounty (Event #12),
banco,2026-11-16,,14:00,tournament,NLH,,Main Event Final Day (Event #1),
banco,2026-11-16,,15:00,tournament,NLH,100,€ 100 No Limit Hold'em - Farewell Turbo Deepstack (Event #13),
olympic-tallinn,2026-11-20,,12:00,satellite,NLH,,Freebuy Satellite to The Hendon Mob Championship 1A (Event #1),
olympic-tallinn,2026-11-20,,15:00,tournament,Mixed,350,€ 310 + 40 Sviten Special (Event #2),
olympic-tallinn,2026-11-20,2026-11-22,17:00,tournament,NLH,350,THMC € 310 + 40 No Limit Hold'em - The Hendon Mob Championship Day 1A (Event #3),
olympic-tallinn,2026-11-20,,19:00,tournament,NLH,200,€ 170 + 30 No Limit Hold'em - Seniors Event 50+ (Event #4),yes
olympic-tallinn,2026-11-20,,20:00,tournament,Mixed,200,€ 170 + 30 Fixed Limit Baducey/Badacey (Event #5),
olympic-tallinn,2026-11-20,,21:00,tournament,NLH,200,€ 20 + 30 + 150 No Limit Hold'em - Total Knock Out (Event #6),
olympic-tallinn,2026-11-20,2026-11-26,23:00,other,Other,125,€ 110 + 15 Chicago European Championship Day 1A (Event #7),
olympic-tallinn,2026-11-21,,11:00,other,Other,125,€ 110 + 15 Chicago European Championship Day 1B (Event #7),
olympic-tallinn,2026-11-21,,12:00,tournament,NLH,200,€ 170 + 30 No Limit Hold'em - 72 Special (Event #8),
olympic-tallinn,2026-11-21,,13:00,tournament,Mixed,350,€ 310 + 40 Pot Limit Dealers Choice (Event #9),
olympic-tallinn,2026-11-21,,15:30,tournament,NLH,100,€ 85 + 15 No Limit Hold'em - Win TV Live The Festival Special (Event #10),
olympic-tallinn,2026-11-21,,17:00,tournament,NLH,350,€ 310 + 40 No Limit Hold'em - The Hendon Mob Championship Day 1B (Event #3),
olympic-tallinn,2026-11-21,,20:00,tournament,Mixed,200,€ 120 + 30 + 50 Pot Limit RAZZ - Progressive KO (Event #11),
olympic-tallinn,2026-11-21,,21:00,tournament,NLH,200,€ 120 + 30 + 50 No Limit Hold'em - PKO With Straddle (Event #12),
olympic-tallinn,2026-11-21,,22:00,satellite,NLH,50,€ 40 + 10 Mega-Satellite to €350 Mystery Bounty 1A (Event #13),
olympic-tallinn,2026-11-21,,23:00,other,Other,125,€ 110 + 15 Chicago European Championship Day 1C (Event #7),
olympic-tallinn,2026-11-22,,11:00,other,Other,125,€ 110 + 15 Chicago European Championship Day 1D (Event #7),
olympic-tallinn,2026-11-22,,11:00,tournament,NLH,350,€ 310 + 40 No Limit Hold'em - The Hendon Mob Championship Day 1C Turbo (Event #3),
olympic-tallinn,2026-11-22,,11:30,satellite,NLH,,Freebuy Satellite to Mystery Bounty Day 1A (Event #14),
olympic-tallinn,2026-11-22,2026-11-25,13:00,tournament,NLH,350,€ 160 + 40 + 150 No Limit Hold'em - Mystery Bounty Day 1A (Event #15),
olympic-tallinn,2026-11-22,,13:30,tournament,Mixed,350,€ 310 + 40 Sviten Six (Event #16),
olympic-tallinn,2026-11-22,,15:00,tournament,NLH,350,€ 310 + 40 The Hendon Mob Championship Day 2 (Event #3),
olympic-tallinn,2026-11-22,,19:00,tournament,NLH,200,€ 170 + 30 Super Hold'em (Event #17),
olympic-tallinn,2026-11-22,,21:00,tournament,PLO,200,€ 170 + 30 Omaha Jack (Event #18),
olympic-tallinn,2026-11-22,,22:00,satellite,NLH,50,€ 40 + 10 Mega-Satellite to €350 Mystery Bounty 1B (Event #19),
olympic-tallinn,2026-11-22,,23:00,other,Other,125,€ 110 + 15 Chicago European Championship Day 1E (Event #7),
olympic-tallinn,2026-11-23,,11:00,other,Other,125,€ 110 + 15 Chicago European Championship Day 1F (Event #7),
olympic-tallinn,2026-11-23,,11:30,satellite,NLH,,Freebuy Satellite to Mystery Bounty Day 1B (Event #20),
olympic-tallinn,2026-11-23,,12:00,tournament,Pineapple,350,€ 310 + 40 Open Face Chinese Pineapple (Event #21),
olympic-tallinn,2026-11-23,,13:00,tournament,NLH,350,€ 160 + 40 + 150 No Limit Hold'em - Mystery Bounty Day 1B (Event #15),
olympic-tallinn,2026-11-23,,14:00,tournament,PLO mix,350,€ 310 + 40 Pot Limit Omaha 4/5/6 (Event #22),
olympic-tallinn,2026-11-23,,19:00,tournament,NLH,50,€ 45 + 5 No Limit Hold'em - Wild Rebuy Madness (Event #23),
olympic-tallinn,2026-11-23,,20:00,tournament,Mixed,200,€ 170 + 30 Triple Draw Mix (Event #24),
olympic-tallinn,2026-11-23,,22:00,satellite,NLH,50,€ 40 + 10 Mega-Satellite to €350 Mystery Bounty 1C (Event #25),
olympic-tallinn,2026-11-23,,23:00,other,Other,125,€ 110 + 15 Chicago European Championship Day 1G (Event #7),
olympic-tallinn,2026-11-24,,11:00,other,Other,125,€ 110 + 15 Chicago European Championship Day 1H (Event #7),
olympic-tallinn,2026-11-24,,11:30,satellite,NLH,,Freebuy Satellite to Mystery Bounty Day 1C (Event #26),
olympic-tallinn,2026-11-24,,13:00,tournament,NLH,350,€ 160 + 40 + 150 No Limit Hold'em - Mystery Bounty Day 1C (Event #15),
olympic-tallinn,2026-11-24,2026-11-25,13:30,tournament,Mixed,555,€ 500 + 55 T.O.R.S.E.S. - Mixed Games Main Event - Day 1 (Event #27),
olympic-tallinn,2026-11-24,,18:30,tournament,Mixed,200,€ 170 + 30 Seven Card Stud Mix (Event #28),
olympic-tallinn,2026-11-24,,19:00,tournament,NLH,350,€ 160 + 40 + 150 No Limit Hold'em - Mystery Bounty Day 1D Turbo (Event #15),
olympic-tallinn,2026-11-24,,20:00,tournament,Mixed,200,€ 170 + 30 No Limit Hold'em / Pot Limit Omaha - Half n Half (Event #29),
olympic-tallinn,2026-11-24,,20:00,cash,NLH,200,€ 200 Cash Game Challenge (Event #30),
olympic-tallinn,2026-11-24,,21:00,other,Other,125,€ 110 + 15 Slots Championship (Event #31),
olympic-tallinn,2026-11-24,,22:00,satellite,NLH,80,€ 70 + 10 Mega-Satellite to €555 Main Event Day 1A (Event #32),
olympic-tallinn,2026-11-24,,22:30,cash,NLH,200,€ 200 Cash Game Challenge (Event #33),
olympic-tallinn,2026-11-24,,23:00,other,Other,125,€ 110 + 15 Chicago European Championship Day 1I (Event #7),
olympic-tallinn,2026-11-25,,11:00,other,Other,125,€ 110 + 15 Chicago European Championship Day 1J (Event #7),
olympic-tallinn,2026-11-25,2026-11-29,12:00,tournament,NLH,555,TF € 500 + 55 No Limit Hold'em - Main Event - Day 1A (Event #34),
olympic-tallinn,2026-11-25,,12:30,tournament,Mixed,555,€ 500 + 55 Mixed Games Main Event - TORSES Day 2 (Event #27),
olympic-tallinn,2026-11-25,,13:00,tournament,NLH,,Mystery Bounty Day 2 (Event #15),
olympic-tallinn,2026-11-25,,13:30,tournament,Pineapple,200,€ 170 + 30 Open Face Chinese Pineapple (Event #35),
olympic-tallinn,2026-11-25,,17:00,tournament,PLO mix,350,€ 310 + 40 Pot Limit Omaha - Bomb Pot 4/5/6 (Event #36),
olympic-tallinn,2026-11-25,,18:30,tournament,NLH,200,€ 170 + 30 No Limit Hold'em - Deepstack Freezeout (Event #37),
grandcasinoas,2026-11-25,,19:00,tournament,NLH,60,€ 60 No Limit Hold'em - Isar Opener,
olympic-tallinn,2026-11-25,,19:00,other,Other,125,€ 110 + 15 Blackjack Championship (Event #38),
olympic-tallinn,2026-11-25,,20:00,tournament,PLO5 Hi-Lo,200,€ 170 + 30 Big O (Event #40),
olympic-tallinn,2026-11-25,,20:00,cash,NLH,200,€ 200 Cash Game Challenge (Event #39),
olympic-tallinn,2026-11-25,,22:00,satellite,NLH,80,€ 70 + 10 Mega-Satellite to €555 Main Event Day 1/B (Event #41),
olympic-tallinn,2026-11-25,,22:30,cash,NLH,200,€ 200 Cash Game Challenge (Event #42),
olympic-tallinn,2026-11-25,,23:00,other,Other,125,€ 110 + 15 Chicago European Championship Day 1K (Event #7),
olympic-tallinn,2026-11-26,,11:00,other,Other,125,€ 110 + 15 Chicago European Championship Day 1L (Event #7),
olympic-tallinn,2026-11-26,,12:00,tournament,NLH,555,€ 500 + 55 No Limit Hold'em - Main Event - Day 1B (Event #34),
olympic-tallinn,2026-11-26,,12:30,tournament,Mixed,350,€ 310 + 40 8 Game (Event #43),
olympic-tallinn,2026-11-26,,13:00,satellite,NLH,80,€ 70 + 10 Satellite to €1100 No Limit Hold'em - Highroller (Event #44),
grandcasinoas,2026-11-26,,14:00,tournament,Mixed,60,€ 60 No Limit Hold'em/Pot Limit Omaha/Crazy Pineapple,
olympic-tallinn,2026-11-26,,14:00,other,Other,,Chicago European Championship Day 2 (Event #7),
olympic-tallinn,2026-11-26,,15:00,tournament,PLO,350,€ 310 + 40 Pot Limit Omaha - Bomb Pot (Event #45),
grandcasinoas,2026-11-26,,18:00,tournament,NLH,80,€ 80 No Limit Hold'em - Isar Warmup,
olympic-tallinn,2026-11-26,,18:00,tournament,NLH,1100,"€ 1,000 + 100 No Limit Hold'em - High Roller (Event #46)",
olympic-tallinn,2026-11-26,,18:30,tournament,Mixed,125,€ 110 + 15 Sviten Special - World Record Attempt (Event #47),
olympic-tallinn,2026-11-26,,19:00,other,Other,125,€ 110 + 15 Roulette Championship (Event #48),
olympic-tallinn,2026-11-26,,20:00,cash,NLH,200,€ 200 Cash Game Challenge (Event #49),
olympic-tallinn,2026-11-26,,21:00,tournament,NLH,200,€ 120 + 30 + 50 No Limit Hold'em - PKO Madness (Event #50),
olympic-tallinn,2026-11-26,,22:00,satellite,NLH,80,€ 70 + 10 Mega-Satellite to €555 The Festival Main Event 1 C/D (Event #51),
olympic-tallinn,2026-11-26,,22:30,cash,NLH,200,€ 200 Cash Game Challenge (Event #52),
olympic-tallinn,2026-11-27,,12:00,tournament,NLH,555,€ 500 + 55 No Limit Hold'em - Main Event - Day 1C (Event #34),
olympic-tallinn,2026-11-27,,12:30,tournament,Mixed,350,€ 310 + 40 The Festival 10-Game (Event #53),
grandcasinoas,2026-11-27,,13:00,tournament,Pineapple,60,€ 60 Crazy Pineapple,
olympic-tallinn,2026-11-27,,15:00,tournament,PLO mix,350,€ 310 + 40 Pot Limit Omaha 4/5 (Event #54),
grandcasinoas,2026-11-27,,17:00,tournament,NLH,150,€ 100 +50 No Limit Hold'em - Bullets Mystery Bounty,
olympic-tallinn,2026-11-27,,17:00,tournament,PLO,1100,"€ 1,000 + 100 Pot Limit Omaha - High Roller (Event #55)",
olympic-tallinn,2026-11-27,,18:00,tournament,Mixed,200,€ 170 + 30 Mixed Games Madness (Event #56),
olympic-tallinn,2026-11-27,,19:00,tournament,NLH,555,€ 500 + 55 No Limit Hold'em - Main Event - Day 1D Turbo (Event #34),
grandcasinoas,2026-11-27,,20:00,tournament,PLO,100,€ 100 Pot Limit Omaha - StackAttack,
olympic-tallinn,2026-11-27,,20:00,cash,NLH,200,€ 200 Cash Game Challenge (Event #57),
olympic-tallinn,2026-11-27,,21:00,tournament,NLH,200,€ 120 + 30 + 50 No Limit Hold'em - PKO Straddle (Event #58),
olympic-tallinn,2026-11-27,,22:30,cash,NLH,200,€ 200 Cash Game Challenge (Event #59),
olympic-tallinn,2026-11-28,,12:00,tournament,NLH,200,€ 170 + 30 No Limit Hold'em - 72 Special (Event #60),
olympic-tallinn,2026-11-28,,12:30,tournament,Mixed,350,€ 310 + 40 Dealers Choice Fixed Limit (Event #61),
grandcasinoas,2026-11-28,,13:00,tournament,NLH,150,€ 150 No Limit Hold'em - Isar Main Event,
olympic-tallinn,2026-11-28,,13:00,tournament,PLO mix,350,€ 310 + 40 Pot Limit Omaha 4/5/6 - Bomb Pot Feature (Event #62),
olympic-tallinn,2026-11-28,,14:00,tournament,NLH,,Main Event - Day 2 (Event #34),
olympic-tallinn,2026-11-28,,14:00,other,Other,125,€ 110 + 15 Sportsbook Championship (Event #63),
olympic-tallinn,2026-11-28,,16:00,tournament,NLH,150,€ 130 + 20 No Limit Hold'em - The Festival Queens Ladies (Event #64),yes
olympic-tallinn,2026-11-28,2026-11-29,17:00,tournament,Mixed,1100,"€ 1,000 + 100 The Festival 10-Game Day 1 (Event #65)",
grandcasinoas,2026-11-28,,18:00,tournament,NLH,100,€ 100 No Limit Hold'em - StackAttack,
olympic-tallinn,2026-11-28,,18:00,tournament,Pineapple,200,€ 170 + 30 No Limit Hold'em - Crazy Pineapple (Event #66),
olympic-tallinn,2026-11-28,,21:00,tournament,NLH,200,€ 170 + 30 Thrilleri (Event #67),
olympic-tallinn,2026-11-29,,11:30,other,Other,,Flip Finals (Event #68),
grandcasinoas,2026-11-29,,12:00,tournament,NLH,70,€ 70 No Limit Hold'em - Isar Shutdown,
olympic-tallinn,2026-11-29,,12:00,tournament,NLH,200,€ 170 + 30 No Limit Hold'em - The Festival Brunch (Event #69),
olympic-tallinn,2026-11-29,,12:30,tournament,PLO,100,€ 85 + 15 Pot Limit Omaha Flips Tournament - Round 1 - Accumulator (Event #70),
olympic-tallinn,2026-11-29,,13:00,tournament,NLH,,Main Event - Day 3 (Event #34),
olympic-tallinn,2026-11-29,,13:30,tournament,Mixed,1100,"€ 1,000 + 100 The Festival 10-Game day 2 (Event #65)",
olympic-tallinn,2026-11-29,,13:30,tournament,Mixed,200,€ 170 + 30 T.O.R.S.E.S. Baby Supreme (Event #71),
olympic-tallinn,2026-11-29,,14:00,tournament,Pineapple,1100,"€ 1,000 + 100 Open Face Chinese Pineapple Highroller (Event #72)",
olympic-tallinn,2026-11-29,,16:00,tournament,PLO,,Pot Limit Omaha Flips Tournament - Final - Accumulator (Event #70),
banco,2026-11-30,,19:00,satellite,NLH,35,€ 30 + 5 Supersatellite to Main Event,
banco,2026-12-01,2026-12-07,18:00,tournament,NLH,85,€ 85 No Limit Hold'em - Main Event Day 1A - Half price,
banco,2026-12-02,,16:00,satellite,NLH,35,€ 30 + 5 Satellite to Main Event,
banco,2026-12-02,,18:00,tournament,NLH,170,€ 170 No Limit Hold'em - Main Event Day 1B,
banco,2026-12-02,,19:00,satellite,NLH,60,€ 50 + 10 Satellite to SPT Challenger,
banco,2026-12-02,,21:00,tournament,PLO,60,€ 50 + 10 Pot Limit Omaha - Nightly Turbo,
banco,2026-12-03,,15:00,tournament,NLH,170,€ 170 No Limit Hold'em - Main Event Day 1C,
banco,2026-12-03,,15:00,satellite,PLO,35,€ 30 + 5 PLO Satellite to PLO Masters ME,
banco,2026-12-03,2026-12-05,18:00,tournament,PLO,250,€ 225 + 25 Pot Limit Omaha - Masters Main Event 8 Max Day 1A,
banco,2026-12-03,,19:00,satellite,NLH,60,€ 50 + 10 Satellite to SPT Challenger,
banco,2026-12-03,,20:00,satellite,NLH,15,€ 10 + 5 Satellite to Main Event Day 1D,
banco,2026-12-03,,21:00,tournament,Mixed,150,€ 135 + 15 No Limit Hold'em / Pot Limit Omaha - Level of Each,
banco,2026-12-03,,22:00,tournament,NLH,170,€ 170 No Limit Hold'em - Main Event Day 1D Turbo,
olympic-vilnius,2026-12-04,,13:00,satellite,NLH,80,€ 70 + 10 Satellite to €555 Kings of Vilnius Championship (Event #1),
banco,2026-12-04,,15:00,tournament,NLH,170,€ 170 No Limit Hold'em - Main Event Day 1E,
banco,2026-12-04,,16:00,tournament,PLO,130,€ 60 + 20 + 50 Pot Limit Omaha - Masters Mystery Bounty,
banco,2026-12-04,2026-12-06,17:00,tournament,Mixed,550,€ 500 + 50 MGC 10-Game Mix Day 1,
banco,2026-12-04,2026-12-05,17:00,tournament,NLH,550,€ 500 + 50 No Limit Hold'em - SPT Challenger 8 Max Day 1,
olympic-vilnius,2026-12-04,2026-12-07,17:00,tournament,NLH,555,€ 500 + 55 No Limit Hold'em - Kings of Vilnius Championship (Event #2) Day 1A,
banco,2026-12-04,,19:00,tournament,PLO,250,€ 225 + 25 Pot Limit Omaha - Masters Main Event 8 Max Day 1B,
olympic-vilnius,2026-12-04,,19:00,tournament,NLH,200,€ 170 + 30 No Limit Hold'em (Event #3),
banco,2026-12-04,,20:00,satellite,NLH,15,€ 10 + 5 Satellite to Main Event Day 1F,
olympic-vilnius,2026-12-04,,21:30,satellite,NLH,80,"€ 70 + 10 Satellite to the €1,100 Main Event (Event #4)",
banco,2026-12-04,,22:00,tournament,NLH,170,€ 170 No Limit Hold'em - Main Event Day 1F Turbo,
banco,2026-12-05,,12:00,tournament,NLH,170,€ 170 No Limit Hold'em - Main Event Day 1G,
olympic-vilnius,2026-12-05,,12:00,tournament,NLH,555,€ 500 + 55 No Limit Hold'em - Kings of Vilnius Championship (Event #2) Day 1B,
banco,2026-12-05,,14:00,tournament,Mixed,2700,"€ 2,500 + 200 MGC 10-Game Mix Day 2",
banco,2026-12-05,,15:00,tournament,PLO,250,€ 225 + 25 PLO Masters Main Event Final Day,
olympic-vilnius,2026-12-05,,15:00,tournament,NLH,250,€ 170 + 30 + 50 No Limit Hold'em - Knockout (Event #5),
banco,2026-12-05,,17:00,tournament,NLH,,SPT Challenger Final Day,
banco,2026-12-05,,17:00,tournament,NLH,170,€ 170 No Limit Hold'em - Main Event Day 1H,
banco,2026-12-05,,19:00,tournament,PLO5 Hi-Lo,150,€ 135 + 15 Big O Masters,
olympic-vilnius,2026-12-05,,19:00,tournament,PLO mix,200,€ 170 + 30 Pot Limit Omaha - PLO4/PLO5 (Event #6),
olympic-vilnius,2026-12-05,,21:00,tournament,NLH,555,€ 500 + 55 No Limit Hold'em - Kings of Vilnius Championship (Event #2) Day 1C Turbo,
olympic-vilnius,2026-12-05,,21:30,satellite,NLH,80,"€ 70 + 10 Satellite to the €1,100 Main Event (Event #7)",
banco,2026-12-05,,22:00,tournament,NLH,170,€ 170 No Limit Hold'em - Main Event Day 1I Turbo,
banco,2026-12-06,,10:00,tournament,NLH,170,€ 170 No Limit Hold'em - Main Event Day 1J Hyper Turbo,
olympic-vilnius,2026-12-06,,12:00,tournament,NLH,555,€ 500 + 55 No Limit Hold'em - Kings of Vilnius Championship (Event #2) Day 2,
banco,2026-12-06,,12:30,satellite,NLH,170,€ 170 Last Chance Flip n Go to Main Event,
banco,2026-12-06,,13:00,tournament,Mixed,,MGC 10-Game Mix Final Day,
olympic-vilnius,2026-12-06,2026-12-07,15:00,tournament,NLH,350,€ 210 + 40 + 100 No Limit Hold'em - Progressive Bounty (Event #8) Day 1,
banco,2026-12-06,,16:00,tournament,NLH,,Main Event Day 2,
banco,2026-12-06,,18:00,tournament,NLH,225,€ 120 + 25 + 80 No Limit Hold'em - Mystery Bounty,
olympic-vilnius,2026-12-06,,18:00,tournament,Mixed,200,€ 170 + 30 No Limit Hold'em/Pot Limit Omaha Mix (Event #9),
banco,2026-12-06,,20:00,tournament,PLO mix,60,€ 50 + 10 Pot Limit Omaha - 4/5/6 Masters 7 Max,
olympic-vilnius,2026-12-06,,21:00,satellite,NLH,80,€ 70 + 10 Satellite to High Roller (Event #10),
olympic-vilnius,2026-12-07,,12:00,tournament,NLH,,Kings of Vilnius Championship (Event #2) Final Day,
olympic-vilnius,2026-12-07,,13:00,satellite,NLH,30,"€ 30 Satellite to the €1,100 Main Event (Event #11)",
olympic-vilnius,2026-12-07,,15:00,tournament,NLH,350,€ 210 + 40 + 100 No Limit Hold'em - Progressive Bounty (Event #8) Day 2,
banco,2026-12-07,,16:00,tournament,NLH,,Main Event Final Day,
olympic-vilnius,2026-12-07,,16:00,tournament,NLH,250,€ 120 + 30 + 100 No Limit Hold'em - Bounty (Event #12),
banco,2026-12-07,,17:00,tournament,NLH,60,€ 50 + 10 No Limit Hold'em - Farewell Turbo Deepstack,
olympic-vilnius,2026-12-07,,19:00,tournament,PLO mix,200,€ 170 + 30 Pot Limit Omaha - PLO4/PLO5/PLO6 (Event #13),
olympic-vilnius,2026-12-07,,21:00,satellite,NLH,80,€ 70 + 10 Satellite to High Roller (Event #14),
olympic-vilnius,2026-12-08,,12:00,satellite,NLH,80,€ 70 + 10 Satellite to High Roller (Event #15),
olympic-vilnius,2026-12-08,,14:00,tournament,PLO mix,555,€ 500 + 55 Pot Limit Omaha - PLO4/PLO5 Championship (Event #16),
olympic-vilnius,2026-12-08,,17:00,tournament,NLH,250,€ 220 + 30 No Limit Hold'em - Turbo DeepStack (Event #17),
olympic-vilnius,2026-12-08,,21:00,satellite,NLH,30,"€ 30 Satellite to the €1,100 Main Event (Event #18)",
olympic-vilnius,2026-12-09,,12:00,satellite,NLH,80,€ 70 + 10 Satellite to High Roller (Event #19),
olympic-vilnius,2026-12-09,,13:00,tournament,Mixed,250,€ 220 + 30 Mixed Games - H.O.R.S.E. Championship 6-Handed (Event #20),
olympic-vilnius,2026-12-09,2026-12-10,16:00,tournament,NLH,2000,"€ 1,850 + 150 No Limit Hold'em - High Roller 8-Max (Event #21) Day 1",
olympic-vilnius,2026-12-09,,18:00,tournament,NLH,200,€ 170 + 30 No Limit Hold'em (Event #22),
olympic-vilnius,2026-12-09,,21:00,satellite,NLH,30,"€ 30 Satellite to the €1,100 Main Event (Event #23)",
olympic-vilnius,2026-12-10,,12:00,satellite,NLH,30,"€ 30 Satellite to the €1,100 Main Event (Event #24)",
olympic-vilnius,2026-12-10,,13:00,tournament,NLH,2000,"€ 1,850 + 150 No Limit Hold'em - High Roller 8-Max (Event #21) Day 2",
olympic-vilnius,2026-12-10,2026-12-13,16:00,tournament,NLH,1100,"€ 1,000 + 100 No Limit Hold'em - Main Event (Event #25) Day 1A",
olympic-vilnius,2026-12-10,,22:00,tournament,NLH,250,€ 120 + 30 + 100 No Limit Hold'em - Progressive Bounty (Event #26),
olympic-vilnius,2026-12-11,,12:00,tournament,NLH,1100,"€ 1,000 + 100 No Limit Hold'em - Main Event (Event #25) Day 1B",
olympic-vilnius,2026-12-11,,16:00,tournament,Mixed,250,€ 220 + 30 Mixed Games - Pot Limit Sviten (Event #27),
olympic-vilnius,2026-12-11,,17:00,tournament,NLH,250,€ 220 + 30 No Limit Hold'em (Event #28),
olympic-vilnius,2026-12-11,,20:00,tournament,NLH,1100,"€ 1,000 + 100 No Limit Hold'em - Main Event (Event #25) Day 1C",
olympic-vilnius,2026-12-11,,21:00,tournament,NLH,200,€ 170 + 30 No Limit Hold'em (Event #29),
olympic-vilnius,2026-12-12,,12:00,tournament,NLH,1100,"€ 1,000 + 100 No Limit Hold'em - Main Event (Event #25) Day 2",
olympic-vilnius,2026-12-12,,12:00,satellite,NLH,10,€ 9 + 1 Satellite to Queens (Event #30),
olympic-vilnius,2026-12-12,2026-12-13,15:00,tournament,NLH,555,€ 500 + 55 No Limit Hold'em - OlyBet Special (Event #31) Day 1,
olympic-vilnius,2026-12-12,,17:00,tournament,NLH,150,€ 130 + 20 No Limit Hold'em - Queens of Vilnius Ladies Only (Event #32),yes
olympic-vilnius,2026-12-12,,20:00,tournament,PLO mix,250,€ 120 + 30 + 100 Pot Limit Omaha - PLO4/PLO5 Progressive Knockout (Event #33),
olympic-vilnius,2026-12-13,,12:00,tournament,NLH,,Main Event (Event #25) Day 3,
olympic-vilnius,2026-12-13,,13:00,tournament,NLH,555,€ 500 + 55 No Limit Hold'em - OlyBet Special (Event #31) Day 2,
olympic-vilnius,2026-12-13,,14:00,tournament,NLH,250,€ 120 + 30 + 100 No Limit Hold'em - Wrap-up Progressive Knockout,
